Workbook

Sheet READ_ME
A1: Internship_Management_System - how to use this workbook
A2: 1. Dark-blue headers = required columns (exact names; Make.com maps by column). Brown headers = helper columns for automation - do not delete or rename.
A3: 2. The 3 rows marked (TEST) are fictional. Replace YOUR.EMAIL with your own address (Gmail + aliases like name+s1@gmail.com all arrive in one inbox). Delete test rows before importing real students.
A4: 3. Never invent student data: leave blanks and fix them. Students!N/O and Tasks!U flag invalid emails, duplicates and bad task rows.
A5: 4. Tasks: set Assignment_Status = Ready only for rows with Task_Valid = OK. Make.com changes it to Processing, then Done (prevents duplicate emails/events).
A6: 5. Fill the Config sheet (organization, signatory, admin email, approved certificate rules) before certificates.
A7: 6. Keep this sheet private. Share only with the administrator and the Make.com Google connection.

Sheet Dashboard
A1: Metric | B1: Value | D1: All values are live formulas over the other sheets. Rows labelled (TEST) are fictional test data.
A2: Total registered students | B2: =COUNTA(Students!A2:A500) -> 3
A3: Active students | B3: =COUNTIF(Students!M2:M500,"Active") -> 3
A4: Students with invalid email or duplicate | B4: =COUNTIF(Students!N2:N500,"INVALID")+COUNTIF(Students!O2:O500,"DUPLICATE") -> 0
A5: Total assigned tasks | B5: =COUNTIF(Tasks!Q2:Q1000,"Done") -> 0
A6: Total task records | B6: =COUNTA(Tasks!A2:A1000) -> 3
A7: Completed tasks | B7: =COUNTIF(Tasks!K2:K1000,"Completed") -> 0
A8: Pending tasks | B8: =B6-COUNTIF(Tasks!K2:K1000,"Completed")-COUNTIF(Tasks!K2:K1000,"Cancelled") -> 3
A9: Overdue tasks | B9: =COUNTIFS(Tasks!H2:H1000,"<"&NOW(),Tasks!K2:K1000,"<>Completed",Tasks!K2:K1000,"<>Cancelled",Tasks!K2:K1000,"<>Submitted",Tasks!K2:K1000,"<>Under Review") -> 0
A10: Tasks awaiting evaluation | B10: =COUNTIF(Tasks!K2:K1000,"Submitted")+COUNTIF(Tasks!K2:K1000,"Under Review") -> 0
A11: Students with pending feedback (no student rating yet) | B11: =MAX(0,B2-COUNTIFS(Feedback!J2:J1000,"Student Feedback")) -> 3
A12: Students eligible for certificates | B12: =COUNTIF(Certificates!G2:G500,"Eligible") -> 0
A13: Certificates generated | B13: =COUNTIF(Certificates!H2:H500,"?*") -> 0
A14: Certificates emailed | B14: =COUNTIF(Certificates!J2:J500,"Sent") -> 0
A15: Failed automation actions | B15: =COUNTIF(Automation_Logs!F2:F5000,"Failed") -> 0

Sheet Students
A1: Student_ID | B1: Full_Name | C1: Email | D1: Phone | E1: College | F1: Department | G1: Year_of_Study | H1: Internship_Domain | I1: Start_Date | J1: End_Date | K1: Mentor_Name | L1: Mentor_Email | M1: Student_Status | N1: Email_Valid (formula) | O1: Duplicate_Email (formula)
A2: TEST-S001 | B2: Test Student One (TEST) | C2: YOUR.EMAIL+s1@gmail.com | D2: 0000000001 | E2: TEST College | F2: CSE | G2: 3 | H2: Data Analytics | I2: 46328 | J2: 46374 | K2: Test Mentor (TEST) | L2: YOUR.EMAIL+mentor@gmail.com | M2: Active | N2: =IF(C2="","",IF(AND(ISNUMBER(FIND("@",C2)),ISNUMBER(FIND(".",C2,FIND("@",C2))),ISERROR(FIND(" ",C2))),"OK","INVALID")) -> OK | O2: =IF(C2="","",IF(COUNTIF($C$2:$C$500,C2)>1,"DUPLICATE","OK")) -> OK
A3: TEST-S002 | B3: Test Student Two (TEST) | C3: YOUR.EMAIL+s2@gmail.com | D3: 0000000002 | E3: TEST College | F3: IT | G3: 2 | H3: Data Analytics | I3: 46328 | J3: 46374 | K3: Test Mentor (TEST) | L3: YOUR.EMAIL+mentor@gmail.com | M3: Active | N3: =IF(C3="","",IF(AND(ISNUMBER(FIND("@",C3)),ISNUMBER(FIND(".",C3,FIND("@",C3))),ISERROR(FIND(" ",C3))),"OK","INVALID")) -> OK | O3: =IF(C3="","",IF(COUNTIF($C$2:$C$500,C3)>1,"DUPLICATE","OK")) -> OK
A4: TEST-S003 | B4: Test Student Three (TEST) | C4: YOUR.EMAIL+s3@gmail.com | D4: 0000000003 | E4: TEST College | F4: ECE | G4: 4 | H4: Data Analytics | I4: 46328 | J4: 46374 | K4: Test Mentor (TEST) | L4: YOUR.EMAIL+mentor@gmail.com | M4: Active | N4: =IF(C4="","",IF(AND(ISNUMBER(FIND("@",C4)),ISNUMBER(FIND(".",C4,FIND("@",C4))),ISERROR(FIND(" ",C4))),"OK","INVALID")) -> OK | O4: =IF(C4="","",IF(COUNTIF($C$2:$C$500,C4)>1,"DUPLICATE","OK")) -> OK
N5: =IF(C5="","",IF(AND(ISNUMBER(FIND("@",C5)),ISNUMBER(FIND(".",C5,FIND("@",C5))),ISERROR(FIND(" ",C5))),"OK","INVALID")) | O5: =IF(C5="","",IF(COUNTIF($C$2:$C$500,C5)>1,"DUPLICATE","OK"))
N6: =IF(C6="","",IF(AND(ISNUMBER(FIND("@",C6)),ISNUMBER(FIND(".",C6,FIND("@",C6))),ISERROR(FIND(" ",C6))),"OK","INVALID")) | O6: =IF(C6="","",IF(COUNTIF($C$2:$C$500,C6)>1,"DUPLICATE","OK"))
N7: =IF(C7="","",IF(AND(ISNUMBER(FIND("@",C7)),ISNUMBER(FIND(".",C7,FIND("@",C7))),ISERROR(FIND(" ",C7))),"OK","INVALID")) | O7: =IF(C7="","",IF(COUNTIF($C$2:$C$500,C7)>1,"DUPLICATE","OK"))
N8: =IF(C8="","",IF(AND(ISNUMBER(FIND("@",C8)),ISNUMBER(FIND(".",C8,FIND("@",C8))),ISERROR(FIND(" ",C8))),"OK","INVALID")) | O8: =IF(C8="","",IF(COUNTIF($C$2:$C$500,C8)>1,"DUPLICATE","OK"))
N9: =IF(C9="","",IF(AND(ISNUMBER(FIND("@",C9)),ISNUMBER(FIND(".",C9,FIND("@",C9))),ISERROR(FIND(" ",C9))),"OK","INVALID")) | O9: =IF(C9="","",IF(COUNTIF($C$2:$C$500,C9)>1,"DUPLICATE","OK"))
N10: =IF(C10="","",IF(AND(ISNUMBER(FIND("@",C10)),ISNUMBER(FIND(".",C10,FIND("@",C10))),ISERROR(FIND(" ",C10))),"OK","INVALID")) | O10: =IF(C10="","",IF(COUNTIF($C$2:$C$500,C10)>1,"DUPLICATE","OK"))
N11: =IF(C11="","",IF(AND(ISNUMBER(FIND("@",C11)),ISNUMBER(FIND(".",C11,FIND("@",C11))),ISERROR(FIND(" ",C11))),"OK","INVALID")) | O11: =IF(C11="","",IF(COUNTIF($C$2:$C$500,C11)>1,"DUPLICATE","OK"))
N12: =IF(C12="","",IF(AND(ISNUMBER(FIND("@",C12)),ISNUMBER(FIND(".",C12,FIND("@",C12))),ISERROR(FIND(" ",C12))),"OK","INVALID")) | O12: =IF(C12="","",IF(COUNTIF($C$2:$C$500,C12)>1,"DUPLICATE","OK"))
N13: =IF(C13="","",IF(AND(ISNUMBER(FIND("@",C13)),ISNUMBER(FIND(".",C13,FIND("@",C13))),ISERROR(FIND(" ",C13))),"OK","INVALID")) | O13: =IF(C13="","",IF(COUNTIF($C$2:$C$500,C13)>1,"DUPLICATE","OK"))
N14: =IF(C14="","",IF(AND(ISNUMBER(FIND("@",C14)),ISNUMBER(FIND(".",C14,FIND("@",C14))),ISERROR(FIND(" ",C14))),"OK","INVALID")) | O14: =IF(C14="","",IF(COUNTIF($C$2:$C$500,C14)>1,"DUPLICATE","OK"))
N15: =IF(C15="","",IF(AND(ISNUMBER(FIND("@",C15)),ISNUMBER(FIND(".",C15,FIND("@",C15))),ISERROR(FIND(" ",C15))),"OK","INVALID")) | O15: =IF(C15="","",IF(COUNTIF($C$2:$C$500,C15)>1,"DUPLICATE","OK"))
N16: =IF(C16="","",IF(AND(ISNUMBER(FIND("@",C16)),ISNUMBER(FIND(".",C16,FIND("@",C16))),ISERROR(FIND(" ",C16))),"OK","INVALID")) | O16: =IF(C16="","",IF(COUNTIF($C$2:$C$500,C16)>1,"DUPLICATE","OK"))
... N501: =IF(C501="","",IF(AND(ISNUMBER(FIND("@",C501)),ISNUMBER(FIND(".",C501,FIND("@",C501))),ISERROR(FIND(" ",C501))),"OK","INVALID")) | O501: =IF(C501="","",IF(COUNTIF($C$2:$C$500,C501)>1,"DUPLICATE","OK"))

Sheet Tasks
A1: Task_ID | B1: Student_ID | C1: Task_Title | D1: Task_Description | E1: Deliverables | F1: Start_Date | G1: Start_Time | H1: Deadline | I1: Mentor_Email | J1: Priority | K1: Task_Status | L1: Submission_Link | M1: Submission_Date | N1: Score | O1: Mentor_Feedback | P1: Notification_Status | Q1: Assignment_Status | R1: Calendar_Event_ID | S1: Reminder_Status | T1: Overdue_Notified | U1: Task_Valid (formula)
A2: TEST-T001 | B2: TEST-S001 | C2: Data Cleaning (TEST) | D2: Clean the sample dataset. | E2: Notebook + summary | F2: 46328 | G2: 10:00 | H2: 46335.708 | I2: YOUR.EMAIL+mentor@gmail.com | J2: High | K2: Not Started | P2: Pending | Q2: Ready | U2: =IF(A2="","",IF(AND(COUNTIF(Students!$A$2:$A$500,B2)=1,COUNTIF($A$2:$A$1000,A2)=1,ISNUMBER(H2),ISNUMBER(FIND("@",I2))),"OK","CHECK")) -> OK
A3: TEST-T002 | B3: TEST-S002 | C3: Data Cleaning (TEST) | D3: Clean the sample dataset. | E3: Notebook + summary | F3: 46328 | G3: 10:00 | H3: 46335.708 | I3: YOUR.EMAIL+mentor@gmail.com | J3: High | K3: Not Started | P3: Pending | Q3: Ready | U3: =IF(A3="","",IF(AND(COUNTIF(Students!$A$2:$A$500,B3)=1,COUNTIF($A$2:$A$1000,A3)=1,ISNUMBER(H3),ISNUMBER(FIND("@",I3))),"OK","CHECK")) -> OK
A4: TEST-T003 | B4: TEST-S003 | C4: Data Cleaning (TEST) | D4: Clean the sample dataset. | E4: Notebook + summary | F4: 46328 | G4: 10:00 | H4: 46335.708 | I4: YOUR.EMAIL+mentor@gmail.com | J4: Medium | K4: Not Started | P4: Pending | Q4: Hold | U4: =IF(A4="","",IF(AND(COUNTIF(Students!$A$2:$A$500,B4)=1,COUNTIF($A$2:$A$1000,A4)=1,ISNUMBER(H4),ISNUMBER(FIND("@",I4))),"OK","CHECK")) -> OK
U5: =IF(A5="","",IF(AND(COUNTIF(Students!$A$2:$A$500,B5)=1,COUNTIF($A$2:$A$1000,A5)=1,ISNUMBER(H5),ISNUMBER(FIND("@",I5))),"OK","CHECK"))
U6: =IF(A6="","",IF(AND(COUNTIF(Students!$A$2:$A$500,B6)=1,COUNTIF($A$2:$A$1000,A6)=1,ISNUMBER(H6),ISNUMBER(FIND("@",I6))),"OK","CHECK"))
U7: =IF(A7="","",IF(AND(COUNTIF(Students!$A$2:$A$500,B7)=1,COUNTIF($A$2:$A$1000,A7)=1,ISNUMBER(H7),ISNUMBER(FIND("@",I7))),"OK","CHECK"))
U8: =IF(A8="","",IF(AND(COUNTIF(Students!$A$2:$A$500,B8)=1,COUNTIF($A$2:$A$1000,A8)=1,ISNUMBER(H8),ISNUMBER(FIND("@",I8))),"OK","CHECK"))
U9: =IF(A9="","",IF(AND(COUNTIF(Students!$A$2:$A$500,B9)=1,COUNTIF($A$2:$A$1000,A9)=1,ISNUMBER(H9),ISNUMBER(FIND("@",I9))),"OK","CHECK"))
U10: =IF(A10="","",IF(AND(COUNTIF(Students!$A$2:$A$500,B10)=1,COUNTIF($A$2:$A$1000,A10)=1,ISNUMBER(H10),ISNUMBER(FIND("@",I10))),"OK","CHECK"))
U11: =IF(A11="","",IF(AND(COUNTIF(Students!$A$2:$A$500,B11)=1,COUNTIF($A$2:$A$1000,A11)=1,ISNUMBER(H11),ISNUMBER(FIND("@",I11))),"OK","CHECK"))
U12: =IF(A12="","",IF(AND(COUNTIF(Students!$A$2:$A$500,B12)=1,COUNTIF($A$2:$A$1000,A12)=1,ISNUMBER(H12),ISNUMBER(FIND("@",I12))),"OK","CHECK"))
U13: =IF(A13="","",IF(AND(COUNTIF(Students!$A$2:$A$500,B13)=1,COUNTIF($A$2:$A$1000,A13)=1,ISNUMBER(H13),ISNUMBER(FIND("@",I13))),"OK","CHECK"))
U14: =IF(A14="","",IF(AND(COUNTIF(Students!$A$2:$A$500,B14)=1,COUNTIF($A$2:$A$1000,A14)=1,ISNUMBER(H14),ISNUMBER(FIND("@",I14))),"OK","CHECK"))
U15: =IF(A15="","",IF(AND(COUNTIF(Students!$A$2:$A$500,B15)=1,COUNTIF($A$2:$A$1000,A15)=1,ISNUMBER(H15),ISNUMBER(FIND("@",I15))),"OK","CHECK"))
U16: =IF(A16="","",IF(AND(COUNTIF(Students!$A$2:$A$500,B16)=1,COUNTIF($A$2:$A$1000,A16)=1,ISNUMBER(H16),ISNUMBER(FIND("@",I16))),"OK","CHECK"))
... U1001: =IF(A1001="","",IF(AND(COUNTIF(Students!$A$2:$A$500,B1001)=1,COUNTIF($A$2:$A$1000,A1001)=1,ISNUMBER(H1001),ISNUMBER(FIND("@",I1001))),"OK","CHECK"))

Sheet Feedback
A1: Feedback_ID | B1: Student_ID | C1: Task_ID | D1: Mentor_Score | E1: Mentor_Comments | F1: Student_Rating | G1: Student_Comments | H1: Feedback_Date | I1: Feedback_Status | J1: Feedback_Type

Sheet Certificates
A1: Student_ID | B1: Student_Name | C1: Internship_Domain | D1: Start_Date | E1: End_Date | F1: Completion_Status | G1: Certificate_Eligibility | H1: Certificate_ID | I1: Certificate_Link | J1: Email_Status | K1: Email_Sent_Date | L1: Approved_By | M1: Student_Email

Sheet Automation_Logs
A1: Timestamp | B1: Scenario_Name | C1: Student_ID | D1: Task_ID | E1: Action | F1: Status | G1: Error_Message

Sheet Config
A1: Setting | B1: Value | C1: Note
A2: Timezone | B2: Asia/Kolkata | C2: Set the same timezone in Make.com scenario settings and Google Calendar
A3: Reminder_Hours_Before_Deadline | B3: 24 | C3: Reminder sent when deadline is within this many hours
A4: Organization_Name | C4: ADMIN MUST SUPPLY official name
A5: Authorized_Signatory | C5: ADMIN MUST SUPPLY - never invent
A6: Admin_Email | C6: Receives failure alerts
A7: Min_Average_Score_For_Certificate | C7: ADMIN MUST SUPPLY approved rule (blank = not set)
A8: Student_Feedback_Required | C8: Yes/No - approved rule
A9: Certificates_Drive_Folder_Link | C9: Create a private Drive folder and paste link
